Hello,comptais@automisly.org,hiBefS4K&x76m^,ARA ARA ONEE-SAN
There,comptais@lottopwinner.com,SVeKwwNtczts3#, SENPAIIIIIIIIIIII
General,comptais@fabhax.com,p4n6*z@T!GC4qH,GHOST IN THE SHELL (COULDN'T Think of Anything ELSE)
Kenobi,comptais@knuttih.top,^*H5Xqx3!4xXt8,KONO DIO DAAA
It's,comptais@ciosopka.tk,RA3nJea$kA8k#G,OVER 9000
a,comptais@zpp.su,Dy9C$^i@$9S@Cc,GROOOOOOOOOOOOOOOOOOOT
meeee,comptais@jlle.tk,8XW49a9i9^qX&G,I'm Batman
MARRRRIOOOOO,comptais@whymustyarz.com,k8V*8d4ugzr^7B,Listen here you little
discord.gg/Z6wrbYs,comptais@ecallen.com,@ZBtVifZ36sF#W,lttstore.com
We Exist,comptais@szwdfz2.com,willitwork???,Its Free real Estate
